30064771072,124554051584,REACHING_DEF,"argc > 1 && strcmp(argv[1], ""42"") == 0"
30064771073,30064771074,REACHING_DEF,argc > 1
30064771073,30064771072,REACHING_DEF,argc > 1
30064771073,124554051584,REACHING_DEF,argc > 1
30064771074,30064771073,REACHING_DEF,"strcmp(argv[1], ""42"") == 0"
30064771074,30064771072,REACHING_DEF,"strcmp(argv[1], ""42"") == 0"
30064771074,124554051584,REACHING_DEF,"strcmp(argv[1], ""42"") == 0"
30064771075,30064771074,REACHING_DEF,"strcmp(argv[1], ""42"")"
30064771075,124554051584,REACHING_DEF,"strcmp(argv[1], ""42"")"
30064771076,30064771075,REACHING_DEF,argv[1]
30064771076,115964116993,REACHING_DEF,argv[1]
30064771076,124554051584,REACHING_DEF,argv[1]
30064771077,124554051584,REACHING_DEF,"fprintf(stderr, ""It depends!\n"")"
30064771079,124554051584,REACHING_DEF,"printf(""What is the meaning of life?\n"")"
68719476736,115964116992,REACHING_DEF,argc
68719476736,30064771073,REACHING_DEF,argc
68719476736,124554051584,REACHING_DEF,argc
68719476738,30064771077,REACHING_DEF,<unknown> stderr
68719476738,124554051584,REACHING_DEF,<unknown> stderr
90194313216,68719476736,REACHING_DEF,1
90194313216,30064771073,REACHING_DEF,1
90194313218,30064771075,REACHING_DEF,"""42"""
90194313219,30064771075,REACHING_DEF,0
90194313219,30064771074,REACHING_DEF,0
90194313220,68719476738,REACHING_DEF,"""It depends!\n"""
90194313220,30064771077,REACHING_DEF,"""It depends!\n"""
90194313222,30064771079,REACHING_DEF,"""What is the meaning of life?\n"""
107374182400,90194313218,REACHING_DEF,
107374182400,68719476737,REACHING_DEF,
107374182400,90194313219,REACHING_DEF,
107374182400,90194313223,REACHING_DEF,
107374182400,90194313216,REACHING_DEF,
107374182400,90194313222,REACHING_DEF,
107374182400,68719476738,REACHING_DEF,
107374182400,90194313221,REACHING_DEF,
107374182400,111669149697,REACHING_DEF,
107374182400,90194313217,REACHING_DEF,
107374182400,68719476736,REACHING_DEF,
107374182400,90194313220,REACHING_DEF,
107374182400,111669149696,REACHING_DEF,
107374182401,120259084288,REACHING_DEF,
107374182403,111669149699,REACHING_DEF,
107374182403,111669149698,REACHING_DEF,
107374182404,111669149700,REACHING_DEF,
107374182404,111669149701,REACHING_DEF,
107374182405,111669149702,REACHING_DEF,
107374182406,111669149703,REACHING_DEF,
107374182406,111669149704,REACHING_DEF,
107374182407,111669149706,REACHING_DEF,
107374182407,111669149705,REACHING_DEF,
107374182408,111669149708,REACHING_DEF,
107374182408,111669149707,REACHING_DEF,
107374182409,111669149710,REACHING_DEF,
107374182409,111669149709,REACHING_DEF,
107374182410,111669149711,REACHING_DEF,
111669149696,115964116992,REACHING_DEF,argc
111669149696,68719476736,REACHING_DEF,argc
111669149697,30064771076,REACHING_DEF,argv
111669149697,115964116993,REACHING_DEF,argv
111669149697,115964116993,REACHING_DEF,argv
111669149697,68719476737,REACHING_DEF,argv
111669149697,124554051584,REACHING_DEF,argv
111669149698,115964116994,REACHING_DEF,p1
111669149698,124554051587,REACHING_DEF,p1
111669149699,115964116995,REACHING_DEF,p2
111669149699,124554051587,REACHING_DEF,p2
111669149700,115964116996,REACHING_DEF,p1
111669149700,124554051588,REACHING_DEF,p1
111669149701,115964116997,REACHING_DEF,p2
111669149701,124554051588,REACHING_DEF,p2
111669149702,115964116998,REACHING_DEF,p1
111669149702,124554051589,REACHING_DEF,p1
111669149703,115964116999,REACHING_DEF,p1
111669149703,124554051590,REACHING_DEF,p1
111669149704,115964117000,REACHING_DEF,p2
111669149704,124554051590,REACHING_DEF,p2
111669149705,115964117001,REACHING_DEF,p1
111669149705,124554051591,REACHING_DEF,p1
111669149706,115964117002,REACHING_DEF,p2
111669149706,124554051591,REACHING_DEF,p2
111669149707,115964117003,REACHING_DEF,p1
111669149707,124554051592,REACHING_DEF,p1
111669149708,115964117004,REACHING_DEF,p2
111669149708,124554051592,REACHING_DEF,p2
111669149709,115964117005,REACHING_DEF,p1
111669149709,124554051593,REACHING_DEF,p1
111669149710,115964117006,REACHING_DEF,p2
111669149710,124554051593,REACHING_DEF,p2
111669149711,115964117007,REACHING_DEF,p1
111669149711,124554051594,REACHING_DEF,p1
