30064771072,30064771073,ARGUMENT
30064771072,30064771074,ARGUMENT
30064771073,68719476736,ARGUMENT
30064771073,90194313216,ARGUMENT
30064771074,30064771075,ARGUMENT
30064771074,90194313219,ARGUMENT
30064771075,30064771076,ARGUMENT
30064771075,90194313218,ARGUMENT
30064771076,68719476737,ARGUMENT
30064771076,90194313217,ARGUMENT
30064771077,68719476738,ARGUMENT
30064771077,90194313220,ARGUMENT
30064771078,90194313221,ARGUMENT
30064771079,90194313222,ARGUMENT
30064771080,90194313223,ARGUMENT
