111669149696,115964116992,PARAMETER_LINK
111669149697,115964116993,PARAMETER_LINK
111669149698,115964116994,PARAMETER_LINK
111669149699,115964116995,PARAMETER_LINK
111669149700,115964116996,PARAMETER_LINK
111669149701,115964116997,PARAMETER_LINK
111669149702,115964116998,PARAMETER_LINK
111669149703,115964116999,PARAMETER_LINK
111669149704,115964117000,PARAMETER_LINK
111669149705,115964117001,PARAMETER_LINK
111669149706,115964117002,PARAMETER_LINK
111669149707,115964117003,PARAMETER_LINK
111669149708,115964117004,PARAMETER_LINK
111669149709,115964117005,PARAMETER_LINK
111669149710,115964117006,PARAMETER_LINK
111669149711,115964117007,PARAMETER_LINK
